,name_sim_score,cat_sim_score,rating,manuf_count
exr:Lapster_5_in_1_Multi_Function_Laptop_Cleaning_Brush_Keyboard_Cleaning_kit_Gadget_Cleaning_kit_Gap_Duster_Key_Cap_Puller_for_Laptop_Keyboard_and_Earphones_Multi_Colour_,0.2023433248202006,0.0,4.1,0
exr:ASA_Global_Solution_Fabric_14_inch_Laptop_Sleeve_with_Inner_Protection_and_Water_Resistance,0.2281868706146876,0.0,4.4,0
exr:Allen_Solly_Mens_Regular_Fit_Polo,0.3307898888985316,0.3333333333333333,4.1,0
exr:Veirdo_Oversized_Loose_Baggy_Fit_Drop_Shoulder_Half_Sleeves_Pure_Cotton_The_Original_Graphic_Printed_T_Shirt_for_Men,0.3382667700449626,0.3333333333333333,4.4,0
exr:LEOTUDE_Womens_Cottonblend_Half_Sleeve_Oversized_T_Shirts_Color_Orange_,0.4090923269589742,0.3333333333333333,3.7,0
exr:Campus_Mens_OXYFIT_N_Walking_Shoe,0.2505944271882375,0.0,4.1,0
exr:BRUTON_Shoes_Shoes_Casual_Shoes_Sports_Shoes_Running_Shoes_Exclusive_Shoes_for_Men,0.3285471896330516,0.0,2.9,0
exr:CHUPPS_Mens_Boys_Natural_Rubber_Flip_Flops_Slippers_KALEEN_DESIGN_Comfortable_Ultra_Light_Odour_Free_Non_Slip_Long_Lasting_Digital_Prints,0.3139299551645915,0.0,4.4,0
exr:Fastrack_Men_Square_Black_Sunglasses_Pack_of_1,0.4464118182659149,1.0,4.0,1
exr:Ray_Ban_Men_Rectangular_Sunglasses,0.3403892566760381,1.0,3.8,0
exr:Fastrack_Aviator_Unisex_Sunglasses_M069BK3_58_Grey_Pack_of_1,0.5080813268820444,1.0,3.9,1
exr:Ray_Ban_Men_Square_Sunglasses_Black_Frame_Green_Lens_Small_Pack_of_1,0.39843636751174927,1.0,4.0,0
exr:Fastrack_Men_Casual_Round_Sunglasses_Brown_59_mm_NBM138GR5P_Pack_of_1,0.4805656373500824,1.0,3.9,1
exr:CREATURE_Men_Socks,0.27977193395296734,0.2857142857142857,4.1,0
exr:Jockey_Mens_Calf_Length_Sports_Cotton_Socks,0.2764391029874484,0.2857142857142857,4.2,1
exr:BALENZIA_Mens_Cushioned_High_Ankle_Sports_Socks_Free_Size_Made_with_Cotton_Spandex_Combo_Pack_of_3_5_Black_Navy_White_Light_Grey_Dark_Grey_,0.3760075370470683,0.25,4.1,0
exr:Jockey_7002_Mens_Compact_Cotton_Stretch_Ankle_Length_Socks_with_Stay_Fresh_Technology,0.3148454626401265,0.25,4.1,1
exr:Malabar_Gold_Diamonds_24k_999_Goddess_Lakshmi_1_gm_Yellow_Gold_Coin,0.21310793360074362,0.0,4.6,0
exr:Yellow_Chimes_Chain_Pendant_for_Men_Black_Men_Pendant_Stainless_Steel_Black_Sailor_Anchor_Charm_Pendant_Necklace_for_Men_and_Boys_,0.2811545977989833,0.16666666666666666,3.8,0
exr:URBAN_FOREST_Leather_Belt_for_Men,0.31995778282483417,0.3333333333333333,4.0,0
exr:GUSTAVE_Mens_Shirt_Stays_Adjustable_Elastic_Shirt_Garters_with_Locking_Non_Slip_Clips,0.2830132693052292,0.3333333333333333,4.0,0
exr:HIDE_SKIN_Mens_Leather_Belt,0.31692702571551007,0.3333333333333333,4.1,0
exr:PALAY_Pants_Chain_Jeans_Chain_for_Men_Women_Fashion_Gothic_Punk_Wallet_Pocket_Chain_Belt_Chain_Hip_Hop_Rock_Biker_Trousers_Chain_Silver_,0.40421728293100995,0.3333333333333333,4.3,0
exr:KOTTY_Women_Polyester_Blend_Green_Solid_Trousers,0.4201089044411977,0.6,3.6,0
exr:Campus_Sutra_Womens_Cotton_Jacket_Relaxed_Fit_For_Casual_Wear_Full_Sleeve_Latest_Stylish_Wear_Cotton_Jacket_Crafted_With_Comfort_Fit_And_High_Performance_For_Everyday_Wear,0.33132349451382953,0.42857142857142855,0.0,0
exr:LEOTUDE_Cottonblend_Half_Sleeve_Oversized_T_Shirts_for_Women_Color_Brown_,0.3742831548055013,0.5,3.6,0
exr:LEOTUDE_Cotton_Blend_Half_Sleeve_Oversized_Back_Printed_Womens_T_Shirt,0.4205629726250966,0.5,3.9,0
exr:Kotty_Womens_Loose_Fit_Jeans,0.37700270613034564,0.6,3.7,0
exr:Stylum_Womens_Self_Woven_Kantha_Cotton_Cord_Set,0.4409702718257904,0.5,4.7,1
exr:Campus_Sutra_Womens_Electric_Blue_Regular_Fit_Cotton_Jacket_For_Winter_Wear_Standing_Collar_Full_Sleeve_Buttoned_Casual_Jacket_For_Woman_Girl_Western_Stylish_Jacket_For_Women,0.3100118339061737,0.42857142857142855,0.0,0
exr:DHRUVI_TRENDZ_Soft_Cotton_Silk_Saree_For_Women_Half_Sarees_Under_449_2020_Beautiful_For_Women_saree_free_size_with_blouse_piece,0.4090758760770162,0.6,3.7,0
exr:OM_SAI_LATEST_CREATION_Women_Soft_Cotton_Silk_Banarasi_Saree_for_women_Under_300_2022_Beautiful_saree_free_size_with_blouse_piece_Saree,0.36345889170964557,0.6,3.7,0
exr:SIRIL_Womens_Tassel_Self_Woven_Cotton_Silk_Saree_with_Unstitched_Blouse_Piece,0.37471004327138263,0.6,3.8,0
exr:Amazon_Brand_Myx_Womens_Cotton_Straight_Short_Kurti,0.4827023446559906,1.0,4.0,0
exr:Ada_Hand_Embroidered_Lucknowi_Chikankari_Straight_Cotton_Kurta_Kurti_for_Women_A133488,0.4282459219296773,1.0,4.0,0
exr:MEERA_FAB_Womens_Cotton_Printed_Blue_Anarkali_Kurta_with_Palazzo_Dupatta_Set,0.3980870048205058,1.0,3.9,0
exr:Vaamsi_Womens_Poly_Cotton_Floral_Printed_Straight_Kurta_Pant_with_Dupatta_Set_VKSKD1238_,0.46616510550181073,1.0,3.6,0
exr:Vaamsi_Womens_Poly_Cotton_Floral_Printed_Straight_Kurta_Pant_with_Dupatta_Set_VKSKD1242_,0.4672233561674754,1.0,3.7,0
exr:Yashika_Womens_Full_Elastic_Cotton_Blend_Lycra_Saree_Shapewear_Petticoat_Free_Size,0.42927755912144977,0.6,3.2,0
exr:Janasya_Womens_Green_Poly_Chiffon_Self_Design_Flared_Kurta,0.46824873487154645,1.0,4.1,0
exr:Vaamsi_Womens_Poly_Cotton_Floral_Printed_Straight_Kurta_Pant_with_Dupatta_Set_VKSKD1182_,0.4669387737909953,1.0,3.5,0
exr:TIMEX_Analog_Womens_Watch_Dial_Colored_Strap_,0.3185536166032155,0.16666666666666666,4.4,0
exr:Fossil_Gen_5E_Smartwatch_with_AMOLED_Screen_Wear_OS_by_Google_Built_in_Speaker_for_Phone_Calls_Google_Assistant_SpO2_GPS_NFC_Wellness_Features_and_Smartphone_Notifications,0.217643270889918,0.16666666666666666,3.9,0
exr:Fossil_Gwen_Analogue_Womens_Watch_Rose_Gold_Dial_Womens_Standard_Colored_Strap_ES4879,0.4169788857301076,0.0,4.4,0
exr:Sonata_Analog_Blue_Dial_Womens_Watch_NM8989PP04_NL8989PP04,0.23482251664002737,0.16666666666666666,4.0,0
exr:NIBOSI_Women_Watches_Analog_Rose_Gold_Square_Dial_Womens_Watch_for_Girls_Miss_Ladies_Diamond_Studded_with_Stylish_Watches_Waterproof,0.3323609282573064,0.16666666666666666,4.1,0
exr:SWADESI_STUFF_Classique_Crystalline_2Tone_Premium_Luxurious_Watch_for_Women,0.39842602610588074,0.16666666666666666,0.0,0
exr:The_Clownfish_Octavia_Womens_Wallet_Clutch_Ladies_Purse_with_Card_holders_Tan_,0.467610498269399,1.0,4.2,1
exr:Lavie_Womens_Betula_Medium_Tote_Bag_Ladies_Purse_Handbag,0.36506539583206177,0.0,4.1,0
exr:Nelle_Harper_Womens_Shoulder_Bag,0.35553738474845886,0.0,4.0,0
exr:Fostelo_Handbag_For_Women_And_Girls_Ladies_Purse_Faux_Leather_Satchel_Bag_Wedding_Gifts_For_Women_Women_3_Compartments_Bag_Travel_Purse_Hobo_Bag_5_Pockets_Shoulder_Bag,0.36325258016586304,0.0,4.1,0
exr:Amazon_Brand_Eden_Ivy_Womens_Handbag,0.3759191036224365,0.0,4.3,0
exr:Lino_Perros_Womens_leatherette_Tote_Bag,0.4016048808892568,0.0,4.3,0
exr:Baggit_Womens_Sling_Bag_Small,0.34422767162323,0.0,4.3,0
exr:Nelle_Harper_Womens_Handbag,0.3511611223220825,0.0,3.6,0
exr:Lavie_Womens_Beech_Satchel_Bag_Ladies_Purse_Handbag,0.37090814113616943,0.0,4.2,0
exr:Lavie_Womens_Sara_Box_Sling_Bag_Ladies_Purse_Handbag,0.34254899621009827,0.0,4.0,0
exr:WOMEN_MARKS_Womens_Handbag_NSB000059_Tan_,0.37334219614664715,0.0,4.0,0
exr:DailyObjects_Lush_Midnight_Womens_Wallet_Made_with_Vegan_Leather_Material_Carefully_Handcrafted_Holds_up_to_8_Cards_Slim_and_Easy_to_Fit_in_Pocket_Coin_Pocket_with_Button_Closure,0.368146816889445,1.0,4.1,0
exr:Fostelo_Handbag_For_Women_And_Girls_Ladies_Purse_Faux_Leather_Satchel_Bag_Woman_Gifts_Wedding_Gifts_For_Women_Women_3_Compartments_Bag_Travel_Purse_Hobo_Bag_5_Pockets_Shoulder_Bag,0.35494425892829895,0.0,4.1,0
exr:WildHorn_Leather_8_5_inch_Sling_Messenger_Bag_for_Men_I_Multipurpose_Crossbody_Bag_I_Travel_Bag_with_Adjustable_Strap_I_DIMENSION_L_8_5inch_H_10_5inch_W_3inch,0.3370839059352875,0.2,4.3,0
exr:Fristo_Womens_Handbag_FRB_315_Red_,0.39505377411842346,0.0,3.9,0
exr:Lino_Perros_womens_handbag,0.37477102875709534,0.0,4.1,0
exr:Baggit_Women_Satchel_Handbag_BUFF_,0.30680912733078003,0.0,4.0,0
exr:Peora_Traditional_Jewellery_18K_Gold_Plated_Handcrafted_AD_Pearl_Chandbali_Earrings_for_Women,0.32767510414123535,0.16666666666666666,2.8,0
exr:Joyalukkas_Assayer_Certified_10_grams_24k_999_Yellow_Gold_Precious_Gold_Bar,0.23549958566824594,0.0,4.5,0
exr:Priyaasi_Brass_Gold_Plated_AD_Studded_Geometric_Pendant_Black_Beaded_Chain_Traditional_Mangalsutra_for_Women_Gold_,0.3451622724533081,0.16666666666666666,3.8,0
exr:Joyalukkas_22KT_Yellow_Gold_Pendant_for_Girls,0.34622077147165936,0.16666666666666666,3.9,0
exr:Joyalukkas_22k_916_8_gm_Yellow_Gold_Coin_with_Queen_Victoria_Design,0.29382627209027606,0.0,4.4,0
exr:Joyalukkas_22k_916_Yellow_Gold_and_Pendant_for_Girls,0.35178231199582416,0.16666666666666666,4.1,0
exr:Joyalukkas_Impress_Collection_Girls_22k_Metal_Yellow_Gold_Earrings,0.3592952986558278,0.16666666666666666,3.6,0
exr:Joyalukkas_22k_916_Yellow_Gold_Bracelet_for_Men_Gold_,0.3218187391757965,0.14285714285714285,0.0,0
exr:Joyalukkas_Pride_Diamond_Collection_18k_Yellow_Gold_and_Diamond_Ring,0.31592899560928345,0.16666666666666666,0.0,0
exr:Joyalukkas_22k_916_8_gm_BIS_Hallmarked_Yellow_Gold_Precious_Coin_with_George_head_Design,0.26227105657259625,0.0,4.7,0
exr:Joyalukkas_Impress_Collection_22k_Yellow_Gold_Stud_Earrings_for_Women,0.38102344671885174,0.16666666666666666,4.0,0
exr:AUSHA_Virtual_Reality_Headset_3D_Glasses_Headset_VR_Set_Box_Best_VR_Headset_Gift_for_Kids_and_Adults_for_3D_Gaming_and_VR_Videos,0.25008004903793335,0.14285714285714285,0.0,0
exr:Cosmic_Byte_Oberon_Wireless_Headphone_Tri_Mode_WiFi_Bluetooth_5_3_Wired_Ultra_Low_Latency_Detacheable_ENC_Mic_90_Rotatable_Earcups_Hi_Fi_50mm_Drivers_Black_,0.222978542248408,0.0,3.6,0
exr:Redgear_Cloak_Wired_RGB_Wired_Over_Ear_Gaming_Headphones_with_Mic_for_PC,0.21541587014993033,0.0,4.0,0
exr:boAt_Airdopes_191G_True_Wireless_In_Ear_Earbuds_with_ENx_Tech_Equipped_Quad_Mics_Beast_Mode_Low_Latency_65ms_for_Gaming_2x6mm_Dual_Drivers_30H_Playtime_IPX5_IWP_Appealing_Case_LEDs_Sport_Blue_,0.23294263581434885,0.14285714285714285,3.6,0
exr:Diamonds,0.2426849901676178,0.0,4.8,0
exr:Christmas_Songbook,0.2279516359170278,0.0,4.7,0
exr:House_of_Balloons,0.2686983495950699,0.0,4.8,0
exr:Music_Card_Celebrating_Ustad_Amjad_Ali_Khan_4_GB_,0.21485827366511026,0.0,4.6,0
exr:Music_Card_Shiv_Hari_4GB_,0.20513857901096344,0.0,2.8,0
exr:True_Detective_The_Complete_Seasons_1_2_6_Disc_Special_Edition_Box_Set_Uncut_Slipcase_Packaging_Region_Free_Blu_ray_UK_Import_,0.21272359788417816,0.0,0.0,0
exr:Original_Handmade_Movie_Posters_with_Frame_Char_Darvesh,0.24149098495642343,0.0,0.0,0
exr:Original_Handmade_Movie_Posters_with_Frame_Shree_Krishna_Leela,0.22123626371224722,0.0,0.0,0
exr:Original_Handmade_Movie_Posters_With_Frame_Toofan_Aur_Bijlee,0.23533047238985697,0.0,0.0,0
exr:Original_Handmade_Movie_Posters_with_Frame_Maa_Dikri,0.24824386338392893,0.0,0.0,0
exr:SOWUNO_Cake_Decoration_Mold_Spider_Heatproof_DIY_Non_Stick_Reusable_Chocolate_Mold_Candy_Mold_for_Halloween_Heatproof_Reusable_Professional_DIY,0.2997634907563527,0.0,0.0,0
exr:SOWUNO_Mousse_Mold_Pumpkin_6_Cavity_DIY_Professional_Heatproof_Reusable_Pudding_Mold_for_Halloween_Heatproof_Reusable_Professional_DIY_Kitchen,0.30248353878657025,0.0,0.0,0
exr:Signables_Barcelona_FC_Signature_Series_Facsimile_Signed_Soccer_with_Player_Info_Official_Collectors_Item,0.22220740218957266,0.0,0.0,0
exr:PARIS_SAINT_GERMAIN_Neymar_Signables_4_inches_Diameter_,0.2190833737452825,0.0,4.6,0
exr:5x7_Inches_Original_Autographed_Photo_of_Indian_Footballer_Sunil_Chhetri,0.25776927669843036,0.0,0.0,0
exr:4x6_Inches_Original_Autographed_Photo_of_German_Tennis_Player_Steffi_Graf,0.2090879182020823,0.0,0.0,0
exr:8x10_Inches_Original_Autographed_Photo_of_British_Cricketer_Geoffrey_Boycott,0.21523635586102804,0.0,0.0,0
exr:The_Night_Circus_Vintage_Magic_,0.2054410974184672,0.0,4.4,0
exr:FEGO_Float_Air_Suspension_Seat_Black_Leather_Cushion_Seat_with_Air_Suspension_Technology,0.29978373646736145,0.0,4.2,0
exr:FEGO_Float_Mountain_Range_No_Back_Pain_Air_Suspension_Seat_Add_on_for_Bikes_Grey_,0.23207767804463705,0.0,4.1,0
exr:Aow_Attractive_Offer_World_Seat_Assembly_for_Yamaha_RX135_with_Beeding,0.22291525701681772,0.0,5.0,0
exr:SARTE_Car_Neck_Rest_Pillow_Head_Rest_Cushion_for_Car_SeatNeck_Support_for_Long_Driving_Made_of_Soft_American_Velvet_Fabric_with_Soft_PollyFiber_Filling_and_Elastic_Stripes_Set_of_2_Pcs_Black,0.34296104311943054,0.0,4.3,0
exr:Guance_Backrest_Black_Cushion_Support_Pillion_Leatherite_Pattern_Metal_rods_with_Cushion_backrest_for_Ola_S1_Ola_S1_Pro_and_Ola_Lite_Model_Set_of_1_Pcs_,0.25755401452382404,0.0,5.0,0
exr:asroy_Classic_seat_Cover_for_Smooth_Traveling_for_only_Old_Classic_not_Suitable_for_All_Other_Bikes_,0.2429488698641459,0.0,4.4,0
exr:NIKAVI_Protective_Gear_Riders_Jacket_for_Motorcycle,0.2274798850218455,0.0,3.7,0
exr:Royal_Enfield_Mens_JKSS20R01_Olive_Camo_M_,0.31125010053316754,0.0,4.3,0
exr:Rynox_Air_GT_4_Jacket_Mesh_Motorcycle_Riding_Jacket_with_Impact_Protection_and_Abrasion_Resistance,0.21090065936247507,0.0,4.1,0
exr:Royal_Enfield_Urban_Hustler_Rover_V3_Riding_Gloves_Black_L_RRGGLN000013_,0.266035055120786,0.0,4.3,0
exr:TVS_Glove_Box_for_Bikes_Dark_Black_,0.26537807782491046,0.0,4.6,0
exr:Trading_Charts_Combo_Classic_Chart_Patterns_Set_of_6_Sheets_Candlestick_Chart_Patterns_Set_of_5_Sheets_,0.20642017324765524,0.0,4.2,0
exr:Scotch_Brite_Sponge_Wipe_Pack_of_5_Color_and_Print_May_Vary_,0.279729962348938,0.0,4.5,0
exr:Scotch_Brite_Silver_Sparks_Scrub_Pad_2_75x4_Pack_of_6_,0.24313024679819742,0.0,4.4,0
exr:Alkon_ARTB_20_Industrial_Bin_187x106x76_mm,0.2956078549226125,0.0,2.9,0
exr:KLEENAL_20160014_Plastic_Double_Bucket_Wringer_Trolley_34_Liters_K_119A_,0.260281244913737,0.0,3.5,0
exr:Eureka_Forbes_car_Vac_100_Watts_Powerful_Suction_Vacuum_Cleaner_with_Washable_HEPA_Filter_3_AccessoriesCompactLight_Weight_Easy_to_use_Black_and_Red_,0.20977292458216348,0.1111111111111111,4.0,0
exr:KENT_16068_Zoom_Vacuum_Cleaner_for_Home_and_Car_130_W_Cordless_Hoseless_Rechargeable_HEPA_Filters_Vacuum_Cleaner_with_Cyclonic_Technology_Bagless_Design_and_Multi_Nozzle_Operation_Blue,0.21559100349744162,0.1111111111111111,4.1,0
exr:Vheelocityin_Bike_Motorcycle_Scooter_Remote_Start_Alarm_For_KTM_Rc_200,0.2607848644256592,1.0,0.0,0
exr:Swiss_Tech_ST81005_5_in_1_Bodyguard_Auto_Emergency_Escape_Tool_with_Panic_Alarm_and_Flasher_Black_,0.26186199982961017,1.0,4.3,0
exr:Generic_GEN_Ubra_309_Alarm_System_for_Bikes,0.21309401343266168,1.0,3.4,0
exr:Aroma_NB128_Grace_24_Hours_Playing_Time_Deep_Bass_Made_in_India_Neckband_Earphone_Bluetooth_Headset_Blue_,0.2810325821240743,0.2857142857142857,2.8,0
exr:HEADFOX_N2_Smart_Bluetooth_sba7_Calls_Music_Navigation_Waterproof_Voice_Command_ISI_Certified_Flip_Up_Dashing_SV_Motorbike_Helmet,0.25075624386469525,0.2857142857142857,4.6,0
exr:Bassoholic_Two_Way_6_5_Inches_Coaxial_High_Bass_Speakers_for_Car_with_Imported_Rubber_Edge_Cone_Multicolor,0.20147705078125,0.25,4.1,0
exr:Electronic_Spices_Combo_of_TG113_Bluetooth_Speaker_Circuit_Board_Module_With_2_Inch_4_Ohm_3w_Metal_Body_Power_Audio_Woofer_Speaker,0.2216580460468928,0.25,3.5,0
exr:AllExtreme_EXHDC01_Hyperdrive_Car_Rear_View_Camera_HD_1080P_Night_Vision_Reverse_Parking_High_Resolution_Wide_Angle_Water_Resistant_Display_Compatible_with_Sedans_SUVs_Trucks,0.22344280779361725,0.2857142857142857,5.0,0
exr:boAt_BassHeads_900_On_Ear_Wired_Headphones_with_Mic_White_,0.22148545583089194,0.14285714285714285,4.2,0
exr:boAt_Rockerz_450_Batman_Edition_Bluetooth_On_Ear_Headphones_with_Mic_Upto_15_Hours_Playback_40MM_Drivers_Padded_Ear_Cushions_Integrated_Controls_and_Dual_Modes_Knight_Black_,0.23146290083726248,0.14285714285714285,4.1,0
exr:Infinity_JBL_Glide_510_72_Hrs_Playtime_with_Quick_Charge_Wireless_On_Ear_Headphone_with_Mic_Deep_Bass_Dual_Equalizer_Bluetooth_5_0_with_Voice_Assistant_Support_Black_,0.21174666285514832,0.14285714285714285,4.2,0
exr:Sounce_Case_Silicone_Cover_Compatible_with_Keychain_for_Oneplus_Nord_Buds_Full_Protection_Shockproof_Case_Cover_Anti_Fall_Anti_Dust_Black_,0.20160183310508728,0.16666666666666666,4.3,0
exr:Gizga_Essentials_Earphone_Carrying_Case_Multi_Purpose_Pocket_Storage_Travel_Organizer_for_Earphones_Headset_Pen_Drives_SD_Cards_Shock_Proof_Ballistic_Nylon_Soft_Fabric_Mesh_Pocket_Green,0.23133011162281036,0.16666666666666666,4.3,0
exr:CROSSVOLT_Tough_Rugged_Cover_for_Airpods_Pro_GEN_2_2022_Black_Polycarbonate,0.2543818900982539,0.16666666666666666,4.2,0
exr:Inefable_Earphone_Headphone_Case_Pouch_Cover_Carrying_Case_for_Earphones_Headset_Pen_Drives_SD_Cards_All_Mobile_Accessories_Black_Pack_of_1_,0.26160305241743725,0.16666666666666666,4.2,0
exr:Boldfit_Gym_Shaker_for_Protein_Shake_Leakproof_Shaker_Bottles_for_Protein_Preworkout_and_Bcaa_Shake_Protein_Shaker_Bottle_for_Gym_Gym_Bottle_for_Men_and_Women_BPA_Free_Material_Typhoon_700_Ml,0.27363155285517377,0.0,4.1,0
exr:Fur_Jaden_55_LTR_Rucksack_Travel_Backpack_Bag_for_Trekking_Hiking_with_Shoe_Compartment,0.3673211634159088,0.16666666666666666,4.2,0
exr:Amazon_Brand_Solimo_Rain_Dust_Cover_for_Backpack_30_Litres_Black_,0.29175185163815814,0.16666666666666666,4.2,0
exr:Dein_Kleider_Waist_Pack_Travel_Handy_Hiking_Zip_Pouch_Document_Money_Phone_Belt_Sport_Bag_Bum_Bag_for_Men_and_Women_Nylon_Black_,0.373286892970403,0.0,4.0,0
exr:Aristo_Plastic_Insulated_Icebox_25_Liter_Red_Blue_38_5_X_37_5_X_30_cm,0.32601893941561383,0.0,4.1,0
exr:MAXWELL_YOGA_MAT_With_Non_Slippy_Light_Weight_Extra_Large_Made_by_EVA_Qualiy_for_Men_Women_Gym_Workout_and_Yoga_Exercise_with_Shoulder_Strap_Blue_6mm,0.32915566364924115,0.0,5.0,0
exr:OJS_Yoga_Mat_for_Women_and_Men_with_Strap_And_Cover_Bag_TPE_Material_Extra_Thick_Exercise_Yoga_Mat_for_Men_for_Workout_Yoga_Fitness_Exercise_Mat_Anti_Slip_Mat,0.2815655320882797,0.0,3.5,0
exr:JUST_RIDER_Mens_Running_Full_Length_Tights_Compression_Lower_Sport_Leggings_Gym_Fitness_Sportswear_Training_Yoga_Pants_for_Men_Women,0.3332760234673818,0.2857142857142857,4.0,0
exr:PSG_Paris_Home_Football_Jersey_Neymar_with_Shorts_Mens_Boys_2022_23,0.2780153503020604,0.2857142857142857,0.0,0
exr:Zexer_Men_Men_Compression_T_Shirt_Gym_and_Sports_Wear_T_Shirt_for_Men_Body_fit_Skinny_T_Shirt_Black,0.27707234025001526,0.2857142857142857,4.2,0
exr:TRAVEL_POINT_60L_Waterproof_Travel_Backpack_for_Hiking_Trekking_Camping_Rucksack_with_Shoe_Compartment_Tourist_Mountain_Climbing_Bag_for_Men_and_Women_CURVE_NK_60L_with_1_Year_Warranty,0.35903727014859516,0.16666666666666666,3.9,0
exr:Amazon_Brand_Solimo_36L_Travel_Rucksack_with_Top_Flap_and_Accessory_Pocket_Grey_,0.3723909556865692,0.16666666666666666,3.8,0
exr:Puma_22_ltrs_13_Cms_backpack_75487_Black_Golden_logo_,0.34590377410252887,0.16666666666666666,4.0,0
exr:Wildcraft_45_Ltrs_Grey_and_Orange_Rucksack,0.3063539167245229,0.16666666666666666,4.3,0
exr:TRAWOC_80L_Travel_Backpack_for_Outdoor_Sport_Camp_Hiking_Trekking_Bag_Camping_Rucksack_HK007_PARENT_1_Year_Warranty,0.2888965755701065,0.16666666666666666,4.4,0
exr:uppercase_JFK_6200EHT1DBL_Medium_Check_in_Hardsided_Polycarbonate_8_Wheel_Printed_Eco_Trolley_Bag_Travel_Suitcase_for_Men_and_Women_Denim_Blue_,0.4250099758307139,1.0,4.5,0
exr:Sitara_Bag_Suitcase_Polyester_Luggage_Three_Wheel_Combo_Trolley_Bag_Brown_Pack_of_2_Purple_,0.402720828851064,1.0,2.7,0
exr:HOKIPO_Abstract_Design_Travel_Suitcase_Protective_Cover_Eco_Friendly_Polyester_Spandex_Luggage_Protectors_Anti_Scratch_X_Large_AR_4688_D4_,0.34692879517873126,1.0,3.5,0
exr:Safari_Pentagon_Trolley_Bags_for_Travel_55_cm_Cabin_Suitcase_4_Wheel_Cyan_Small_Luggage_for_Men_and_Women_Polypropylene_Hard_Side_Cabin_Bag,0.4645911753177643,1.0,4.2,1
exr:American_Tourister_Ivy_Spinner_Polypropylene_PP_77_Cm_Large_Sea_Green_Check_in_Hard_Luggage_with_TSA_Lock_Check_in,0.29304829736550647,1.0,4.1,0
exr:MOKOBARA_The_Travel_Pillow_Pure_Memory_Foam_Neck_Pillow_Comfortable_Breathable_Cover_Machine_Washable_Airplane_Travel_Kit_Seize_The_Gray_,0.30624110996723175,1.0,4.9,0
exr:PURAM_Car_Seat_Headrest_Neck_Rest_Pillow_Cushion_for_All_Cars_Ergonomic_Car_Neck_Pillow_Memory_Foam_Neck_Support_for_Neck_Back_Pain_Relief_Neck_Rest_Support_Cushion_Black_Pack_of_1,0.28322148819764453,1.0,4.7,0
exr:HORNBULL_Nicolas_Olive_Leather_Wallet_for_Men_RFID_Blocking_Mens_Wallet_Wallets_Men_Leather,0.3195376892884572,0.6,0.0,0
exr:CLAVIER_Mens_Genuine_Leather_Wallet_RFID_Blocking_Aluminum_Automatic_Pop_Up_Credit_Card_Holder_Case_Black_,0.2946487565835317,0.6,2.4,0
exr:2DS_Velvet_Small_Coin_Pouch_for_return_gifts_with_ziper_Small_velvet_jewellery_gifting_pouch_velvet_purse_for_ladies_Small_Zipper_bags,0.39936474959055585,0.3333333333333333,5.0,0
exr:URBAN_FOREST_George_Black_RFID_Blocking_Leather_Wallet_for_Men,0.2697051415840785,0.6,0.0,0
exr:Oddy_Uniwraps_Ecobake_Baking_Cooking_Paper_Roll_10X_5_Mtrs_White,0.3448825975259145,0.2857142857142857,4.5,0
exr:Kitchenette_Baking_and_Cooking_Paper_Parchment_Paper_20_Meters_X_11_inch_Food_Grade_Non_Stick_Paper_Fat_Free_Cooking_Coreless_Roll_Microwave_Paper,0.3776565194129944,0.2857142857142857,4.5,0
exr:Clazkit_Silicone_Circle_Square_Oval_and_Heart_Shape_Soap_Cake_Making_Mould_Multicolor,0.3427603840827942,0.2857142857142857,4.2,0
exr:Xacton_Silicone_Baking_Mat_for_Pastry_Rolling_with_Measurements_Non_Stick_Fondant_Mat_Liner_Heat_Resistance_Table_Placemat_Pad_Pastry_Board_Reusable_BPA_Free_Baking_Mat_50_40_cm_,0.3708101014296214,0.2857142857142857,4.2,0
exr:EVEN_Silicone_Flat_Pastry_Cooking_Oil_Brush_for_Grilling_Tandoor_and_BBQMultipurpose_Silicon_Brush_Multicolor_2_Pieces_,0.26621808111667633,0.2857142857142857,4.1,0
exr:Amazon_Brand_Solimo_Stainless_Steel_Kitchen_Press_Noodles_Murukku_maker,0.2843882938226064,0.2857142857142857,3.9,0
exr:SYGA_Xcellent_Global_Mini_Pink_Heart_Shape_Silicone_Ice_Cube_Chocolate_Mold,0.2674294064442317,0.3333333333333333,3.7,0
exr:ZELKEY_Silicone_Baking_Mat_Silicone_Chapati_Atta_Kneading_Mat_Non_Stick_Fondant_Rolling_Mat_Stretchable_for_Kitchen_Roti_Chapati_Baking_Mat_50_40_cm_Color_May_Vary_,0.32174256443977356,0.2857142857142857,4.0,0
exr:AmazonBasics_Nonstick_Carbon_Steel_Baking_Bread_Pan_9_5_x_5_Inch_Set_of_2,0.39586155613263446,0.6666666666666666,4.4,0
exr:Xacton_Cake_Mould_Combo_I_Round_Shape_Cake_Mould_Bread_Loaf_Pan_and_6_Slot_Cup_Cake_Muffin_Tray_I_Cake_Baking_and_Decoration_Tools_I_Can_be_Used_Microwave_Oven_OTG_Cooker_Black,0.44759132464726764,0.6666666666666666,4.0,0
exr:Kanshitas_Rasoiware_Aluminium_Heart_Shape_7_inch_Round_Shape_7inch_Cake_Mould_Pan_Set_of_2,0.39384881655375165,0.6666666666666666,4.1,0
exr:COOLCOLD_Air_Fryer_Silicone_Baking_Tray_140gm_Air_Fryer_Accessories_7_3_In_Bottom_Fit_4_2QT_to_Bigger_Size_Air_Fryer_Reusable_Non_Stick_Silicone_Pot_Air_Fryer_Liners_with_Ear_Handles_Easy_to_Clean_Nonstick_Pink,0.3403515915075938,0.6666666666666666,4.2,0
exr:KARP_Silicone_Muffin_Pan_Regular_Silicone_Cupcake_Pan_Non_Stick_Silicone_Great_for_Making_Muffin_Cakes_Tart_Bread_BPA_Free_and_Dishwasher_Safe_Only_1_Qty_Multicolor_12_Cavity_,0.3946095059315364,1.0,0.0,0
exr:Skytail_Cake_Molds_for_Baking_Shapes_9_Cavities_Log_Mold_Swiss_Roll_Pan_Chocolate_Mold_Silicone_loaf_tin_for_Baking_3D_Cylinder_Baking_Mould_for_Candy_Pastry_Dessert_DIY_Soap_Silicone_Mini_bread_Pan,0.42468147973219555,0.6666666666666666,2.6,0
exr:SODEE_Premium_Ghee_Diya_Making_Silicone_Mould_49_Cavity_Pack_of_1_,0.28419144948323566,1.0,4.0,0
exr:BAKERS_PARDISE_Aluminium_Bread_Mould_Loaf_Tin_Lid_Size_9_5_x_4_25_Outter_Mould_Size_L_9_x_W_3_75_x_H_3_5_Inch_Inside_Size_8_75_x_3_75_x_3_25_Pack_of_1,0.40348201990127563,0.6666666666666666,4.0,0
exr:CURATED_CART_Silicon_Square_Cake_Mould_for_Baking_Bakeware_Pan_6_Inch_15cm_BPA_Free_Microwave_Safe_Easy_Release_Baking_Tin_Any_Random_Color_Green_Blue_Red_Orange_,0.4512397696574529,0.6666666666666666,4.2,0
exr:Clazkit_Silicone_Reusable_Rose_Petal_Shaped_Muffin_Moulds_Multicolor_Set_of_8,0.34649694959322613,1.0,3.9,0
exr:AmazonBasics_6_Piece_Non_stick_Microwave_safe_Bakeware_Set_Black_Compatible_only_for_OTG_above_32_L_,0.3815418978532155,0.5,4.0,0
exr:Xacton_8_in_1_Cake_Moulds_Set_I_Combo_of_Round_Heart_Square_Bead_Mould_Pizza_Tray_6_Slot_Muffin_Tray_Cake_Cup_Liners_and_Measuring_Cups_and_Spoon_I_for_Microwave_Oven_and_OTG_I_Baking_tins,0.42558835943539935,0.5,4.0,0
exr:Xacton_Combo_of_Bread_Mould_3Pcs_Round_Shape_Cake_Pan_Measuring_Cup_Spatula_Brush_Gloves_Whisker_6_Slot_Muffin_Tray_3_Pcs_Scrapper_Cake_Icing_Nozzle_12Pc_Cookie_Cutter_Cake_Making_Tools,0.40600397686163586,0.5,4.2,0
exr:Xacton_Silicone_Plastic_Combo_of_3Pcs_Different_Shape_Cake_Mould_Pan_6_Slot_Muffin_Tray_8Pc_Measuring_Cups_Spoons_Spatula_Brush_Set_Turntable_3Pcs_Scrapper_12_pcs_Nozzle_Set_Set_of_2_Scraper,0.3984233687321345,0.5,4.0,0
exr:Bulfyss_3_in_1_Multi_Function_Stainless_Steel_Cake_Icing_Spatula_Knife_Set_3_Pieces_Multicolor_Made_in_India_,0.38400787611802417,0.5,4.0,1
exr:Syga_1Pcs_Heavy_Duty_Carbon_Steel_Bread_Loaf_Non_Stick_Cake_Mould_Pan_Tray_Teflon_Coating_8Pcs_Measuring_Cup_Spoon_Set_for_Kitchen_Silicone_Brush_Set_for_Baking_Barbecue_Brush_Black_Red,0.47014737129211426,0.5,4.1,0
exr:JASCO_Stainless_Steel_Idli_Sancha_Idli_Stand_4_Layer_with_Brush_and_Spatula_Kitchenware_Silver_,0.27283214032649994,0.3333333333333333,0.0,0
exr:BluBasket_Cake_Ring_6_to_12_Inch_Adjustable_Round_Stainless_Steel_Cake_Mousse_Mould_Ring_Bakeware_Tools_Cake_Decorating_Mold_Baking_Ring,0.3705274760723114,0.5,5.0,0
exr:SgnoraWare_Bake_N_Serve_Round_Bakeware_Safe_and_Oven_Safe_Glass_Dish_Tray_Borosilicate_Glass_Bowl_Container_Microwave_Oven_Safe_Baking_2100ml_Set_of_1_Clear_,0.3913610875606537,0.5,4.0,0
exr:Femora_Borosilicate_Glass_Oval_Baking_Dish_Microwave_Oven_Safe_1600_ml_Transparent_,0.34020767112572986,0.5,4.5,0
exr:Signoraware_Bake_N_Serve_Oval_Bakeware_Safe_and_Oven_Safe_Glass_Dish_Tray_Borosilicate_Glass_Bowl_Container_Microwave_Oven_Safe_Baking_700ml_Set_of_1_Clear_,0.46861645579338074,0.5,4.3,0
exr:Syga_1_Piece_Heavy_Duty_Carbon_Steel_Rectangular_Bread_Loaf_Cake_Mould_Pan_Tray_for_Baking_Non_Sticky_Tin_Teflon_Coating_25_5_cm_13cm_6cm,0.44817542533079785,0.25,4.1,0
exr:Femora_Borosilicate_Glass_Rectangle_Baking_Dish_Microwave_Oven_Safe_1600_ml,0.3439464221398036,0.5,4.4,0
exr:Signoraware_Bake_N_Serve_Rectangular_Bakeware_Safe_and_Oven_Safe_Glass_Dish_Tray_Borosilicate_Glass_Bowl_Container_Microwave_Oven_Safe_Baking_1000ml_Set_of_1_Clear_,0.4702901045481364,0.5,4.4,0
exr:Brezzycloud_Borosilicate_Glass_Microwave_Oven_Safe_Rectangle_Baking_Dish_1L_1_8_L_Transparent_Combo_Pack_Square_,0.3536929686864217,0.5,0.0,0
exr:T_H_Bake_Ware_Steel_alloye_Baking_Tray_is_Rectangular_Baking_Tray_18_x_13_x_1_25_,0.4089553157488505,0.5,0.0,0
exr:SHAFIRE_Carbon_Steel_Pizza_Baking_Pan_1_Piece,0.32415782908598584,0.5,3.8,0
exr:Femora_Borosilicate_Glass_Square_Baking_Dish_Microwave_Oven_Safe_900_ml_1700_ml_Set_of2_Transparent_,0.3474170466264089,0.5,4.3,0
exr:Borosil_Loaf_Dish_1_2_L_Pan_Transparent_Glass_,0.33121776084105176,0.5,4.6,0
exr:Yellow_Bee_Sugar_and_Salt_Bar_Rimmer_Great_for_Cocktails_Margarita_Bloody_Mary_Gimlet_Professional_Bar_Supplies_Pack_of_4_,0.3497077524662018,0.6,5.0,0
exr:HushLush_India_6_inch_Wooden_Cocktail_Swizzle_Sticks_Drink_Beverage_Coffee_Coin_Stirrer_Pack_of_100,0.3329765995343526,0.6,5.0,0
exr:Peg_Measure_Brass_Engraved_Bar_Set_30_60_ML_Cup,0.24418391784032187,0.6,4.4,0
exr:Dynore_Stainless_Steel_6_Pcs_Bartender_Martini_Kit_Set_Teardrop_Bar_Spoon_Cocktail_Shaker_750_ml_Tall_peg_Measure_30_60_ml_Black_PVC_Muddler_Ice_Tong_Cocktail_Strainer_Set_of_6,0.3200957775115967,0.6,4.3,0
exr:Dynore_Stainless_Steel_8_Pcs_Multiutility_Bar_Set_Fork_Bar_Spoon_Delux_Cocktail_Shaker_750_ml_Black_PVC_Muddler_Cocktail_Strainer_Tall_Peg_Measure_30_60_ml_3_Wine_Pourer_Set_of_8,0.35360949238141376,0.6,4.2,0
exr:Dynore_Stainless_Steel_Double_Sided_Peg_Measures_Set_of_3,0.2291936824719111,0.6,4.1,0
exr:Dynore_Stainless_Steel_Teardrop_Bar_Spoon_with_Black_PVC_Muddler_Set_of_2,0.3066662400960922,0.6,4.8,0
exr:STREET_CRAFT_Made_of_Brass_2_Tone_Peg_Measure_Cup_30_ml_60_ml_with_Alluring_Engraving_Embossed_Brass_Golden_Finish_Pack_of_1_Pcs_,0.24105544884999594,0.6,4.1,0
exr:IndiaCart_Steel_Polished_on_Heavy_Duty_Brass_Double_Sided_peg_Measures_Cup_30_60_ml_Alcohol_Whisky_Wine_Measurement_Perfect_for_Home_bar_bar_Tool_Silver_,0.26682919760545093,0.6,4.2,0
exr:BARSKIN_Cap_Gun_Bottle_Opener_Funny_Launcher_Shooter_Bottle_Opener_for_Creative_Game_Family_Party_Bar_Outdoor_Barbecue_Plastic_with_Red,0.3528421570857366,0.6,4.1,0
exr:Victorinox_Stainless_Steel_18_cm_Multipurpose_Opener_for_Bottles_Cans_and_Tins_for_Household_Camping_and_Parties_Black_Swiss_Made,0.36106963952382404,0.3333333333333333,4.4,0
exr:Two_Moustaches_Fish_Design_Bottle_Opener,0.3327064613501231,0.6,4.8,0
exr:Dynore_Stainless_Steel_Bottle_Opener,0.322644184033076,0.6,4.5,0
exr:HASTHIP_Wing_Corkscrew_Wine_Opener_Professional_Multifunctional_All_in_One_Wine_Bottle_Opener_and_Beer_Bottle_Opener_Strong_Stainless_Steel_Zinc_Alloy_Wont_Split_or_Crumble_Cork,0.3859812021255493,0.6,4.3,0
exr:HASTHIP_Professional_Waiters_Corkscrew_Open_Beer_Wine_Bottles_Made_of_Stainless_Steel_Natural_Rosewood,0.36322710414727527,0.6,4.3,0
exr:Anything_Everything_Wine_Opener_Stainless_Steel_Wine_Cork_Screw_Sommelier_Knife_Style_with_Bottle_Opener_Black,0.4195316632588704,0.6,4.2,0
exr:Dynore_Stainless_Steel_Set_of_2_Bottle_Opener_with_Tall_peg_Measure_30_60,0.3038608382145564,0.6,4.0,0
exr:Crystal_MKA011_Stainless_Steel_Bottle_Cum_Can_Opener_Multicolor,0.31320975720882416,0.6,4.3,0
exr:PRO365_Casino_Poker_Bottle_Bar_Beer_Soda_Steel_Opener_Card_Size_Black_,0.37002988656361896,0.6,4.3,0
exr:P_PLUS_INTERNATIONAL_Olive_Oil_Dispenser_Bottle_450_ml_Big_Olive_Oil_Dispenser_Cruet_Stainless_Steel_Pour_SpoutGlass_Cooking_Oil_Vinegar_Measuring_Dispenser_Set_for_Kitchen_and_BBQ_Pack_of_1_,0.23674553632736206,0.6,4.0,0
exr:PCOX_Borosilicate_Olive_Oil_Dispenser_Bottle_with_Markings_Cruet_Stainless_Steel_Silicone_Pour_Spout_Glass_Cooking_Oil_Vinegar_Measuring_Dispenser_500_ml_Pack_of_1_,0.25821832319100696,0.6,4.1,0
exr:SignoraWare_1_1_Litres_Easy_Flow_Stainless_Steel_Oil_Dispenser_Bottle_with_Lid_and_Cap_Air_Tight_Spill_Proof_Food_Grade_Pourer_Drizzler_Black_Set_of_1_1100ml_,0.35456836720307666,0.6,4.4,1
exr:ImpactStrong_Oil_Sprayer_for_Cooking_100ml_Oil_Spray_Bottle_Versatile_Glass_for_Cooking_Baking_Roasting_Grilling_with_Silicone_Oli_Brush_or_Spatula_Pack_of_1_Clear_Silver_,0.22417468329270682,0.6,4.1,0
exr:STAR_WORK_Glass_Oil_Dispenser_Bottle_for_Kitchen_Stainless_Steel_Leak_Proof_Cork_Transparent_Oil_Pourer_and_Holder_500ml_Combo_Pack_of_2_,0.36897385120391846,0.2857142857142857,4.2,0
exr:Kettlekane_500_ml_Glass_Oil_Dispenser_Bottle_with_Silicon_Funnel_Oil_Vinegar_Bottle_Stainless_Steel_Leak_Proof_Cork_2_Pieces_Oil_Bottle_1_Piece_Silicone_Funnel_,0.29922405381997425,0.6,4.5,0
exr:Dynore_Stainless_Steel_Wine_Pourer_Set_of_2,0.370167334874471,0.5,4.2,0
exr:Baskety_Glass_Oil_and_Vinegar_CruetBorosilicate_Glass_Liquid_Metallic_Lid_Oil_Bottle_Jar_Dispenser_500_ml_24cm_New_Pack_of_2_,0.3175050417582194,0.6,4.3,0
exr:Misamo_Enterprise_Glass_Oil_Dispenser_Bottle_500_ml_for_Kitchen_Pack_of_2_Transparent_,0.23575479288895926,0.6,4.1,0
exr:Valashiv_Oil_Dispenser_Bottle_Wide_Opening_Oil_Bottle_Oil_Dispenser_with_Silicone_Oil_Brush_230_ml_Oil_Container_for_Cooking_Baking_BBQ_Marinating_Multicolor_Pack_of_1_,0.2897420674562454,0.6,4.1,0
exr:Marble_Stone_Coaster_Set_of_6_Trivets_with_Holder_Handmade_Made_in_India_White,0.30569127202033997,0.6,5.0,0
exr:Bravado_Ozzy_Ozbourne_Set_of_4_Coasters_,0.21460278828938803,0.6,5.0,0
exr:GKD_Coaster_Set_of_6_Mandala_Art_Wooden_Coasters_with_Proper_Coaster_Stand_Coaster_Set_fit_for_Tea_Cups_Coffee_Mugs_and_Glasses_3_5_X_3_5_Inch_Bamboo_Ecofriendly_,0.3329286277294159,0.6,4.4,0
exr:Bar_Box_14_Piece_Bar_Tool_Set_with_Stylish_Bamboo_Stand_Perfect_Home_Bartending_Kit_and_Martini_Cocktail_Shaker_Set_for_an_Awesome_Drink_Mixing_Experience_Brown_Silver,0.34703787167867023,0.5,4.3,0
exr:Dynore_Stainless_Steel_Mixing_Boston_Cocktail_Shaker750_540_ml_Each_Set_of_2,0.22620310882727304,0.5,4.2,0
exr:Dynore_Delux_Stainless_Steel_Cocktail_Shaker_750_ML,0.2827889919281006,0.5,4.0,0
exr:Steso_Bar_Muddler_Wood_Cocktail_Mojito_Muddler_Bar_Tool_Drink_Mint_Lime_Best_Muddler_herb_Lemon_Garlic_Crusher_Durable_Stable_Powerful,0.25046149889628094,0.5,4.5,0
exr:Sipologie_9_Pieces_Professional_Barware_Set_for_Cocktails_with_Stand_Stainless_Steel_Bar_Accessories_Gift_Set_Boston_Shaker_Set_Hawthorne_Strainer_Bar_Spoon_Muddler_Jigger_Bottle_Pourer_Stand_Galaxy,0.40741578737894696,0.5,4.0,0
exr:IKEA_IDEALISK_Corkscrew_Silver_Matte_Color,0.3180113136768341,1.0,4.5,0
exr:BREWBasket_Wine_Beer_Mead_making_4_liter_glass_carboy_for_fermentation_with_airlock_and_rubber_stopper_and_plastic_lid,0.29630859692891437,1.0,4.2,0
exr:SYGA_3_in_1_Corkscrew_Beer_Wine_Bottle_Opener_Spring_Loaded_Double_Lever_Serrated_Foil_Cutter_Barware_Gear_Waiters_Corkscrew_of_Sommeliers_Waiters_Bartenders_Gift_Brown,0.4152883489926656,1.0,4.3,0
exr:NewYouth_Wine_Opener_Professional_Waiter_Cork_Stainless_Steel_Solid_Wood_Wine_Key_for_Waiters_and_Bartenders,0.4000951846440633,1.0,5.0,0
exr:BOCAHICA_Stylish_Steel_Body_Jack_Daniel_8_Oz_230_ml_Pocket_Hip_Flask_Beverage_Holder,0.34864463408788043,0.6,0.0,0
exr:Generic_Stainless_Steel_Pocket_Hip_Flask_for_Men_with_Funnel_Matte_Black_8_Oz_230_Ml_,0.29081789155801135,0.6,0.0,0
exr:Chandra_Bazaar_Alloy_Steel_Bar_Tool_Set_Home_Kitchen_Bar_Accessories_Hip_Flask_Leatherette_Zig_Zag_Travel_Outdoor_Camping_Alcoholic_Beverage_Holder,0.3169557253519694,0.6,0.0,0
exr:HASTHIP_4PCS_Wine_Opener_Set_with_Foil_CutterWine_PourerVacuum_Wine_Stopper_Wine_Bottle_Opener_Wine_Opener_Corkscrew_Steel_with_One_Foil_Cutter_T_Shape_Handle_Gifts,0.4553263783454895,0.6,4.3,1
exr:Pogon_Foil_Cutter_for_Kitchen_Aluminium_Foil_Stand_with_Cutter_Stainless_Steel_Silver_,0.21680100758870444,0.6,4.0,0
exr:ZOOV_Heavy_Duty_Chrome_Waiter_Corkscrew_Wine_Opener_with_Foil_Cutter_ProfessionalBlack_Bottle_Opener_for_Wine_and_Beer_Pack_of_1pc_,0.43476205070813495,0.6,3.8,0
exr:2PCS_Wine_Foil_Cutter_Quickly_Effortlessly_Removes_Foil_Excellent_Gift_Wine_Accessory_Perfect_Premium_Wine_Bottle_Opening_Accessory_for_Wine_Lovers_Black_AURH,0.3257638116677602,0.6,0.0,0
exr:ZIBUYU_Suction_Cups_for_glass_Double_Sided_PVC_Plastic_Suction_Cup_Sucker_Pads_30mm_10_Pcs_White,0.2603950997193654,0.6,3.7,0
exr:ZIBUYU_Suction_Cups_for_glass_Double_Sided_PVC_Plastic_Suction_Cup_Sucker_Pads_30mm_20_Pcs_White,0.25743534664313,0.6,3.7,0
exr:Cello_Chiller_Ice_Packs_8_Litres_Green,0.20942411323388418,0.5,4.0,0
exr:Pinnacle_Prudence_Ice_Box_with_Soft_Touch_Handle_Keeps_Cold_Upto_48_Hours_11_litres_Blue_,0.2255824754635493,0.5,4.0,0
exr:Milton_Super_Chill_3_Ice_Pail_2_06_Litres_Orange,0.21610477566719055,0.5,4.1,0
exr:Blueshark_Enterprise_Plastic_Insulated_Chiller_Ice_Box_60_Liter_Blue_Red_,0.2668273101250331,0.5,0.0,0
exr:HASTHIP_Wine_Stoppers_3_Pieces_Bottle_Stopper_for_Wine_Collection_Red_Wine_Champagne_Beer_Saver_Sealer,0.36081739763418835,0.5,4.0,0
exr:Windup_Tapered_Cork_Stopper_for_Glass_Wine_Bottle_Length_27mm_x_Top_22mm_x_Bottom_17mm_Pack_of_10_Pcs_Made_in_India,0.3642722964286804,0.5,4.1,0
exr:KARP_Little_Bird_Stopper_Colorful_Reusable_Silicone_Wine_Bottle_Stopper_Decorate_Wine_Outlet_Cap_Cute_Wine_Toppers_for_Preserver_Assorted_Color_3_Pack_,0.3885934253533681,0.5,4.1,0
exr:Anything_Everything_Bar_Set_with_Ice_Bucket_Portable_Leatherette_Bar_Set_Wine_Case_Whisky_Case_Wooden_Bar_Set_for_Picnic_Portable_Bar_Accessories_Set_04_Whisky_Glasses_Blue_Beige_,0.4029959539572398,0.5,3.3,0
exr:UPKOCH_Milk_Pot_Coffee_Milk_Warmer_Butter_Warmer_Pot_with_Handle_Chocolate_Melting_Pot_Stainless_Steel_Saucepan_for_Bar_Store_Cafe_Home_10cm_300ml,0.3362401872873306,0.3333333333333333,5.0,0
exr:UPKOCH_Milk_Pot_Coffee_Milk_Warmer_Butter_Warmer_Pot_with_Handle_Chocolate_Melting_Pot_Stainless_Steel_Saucepan_for_Bar_Store_Cafe_Home_14cm_900ml,0.33440213402112323,0.3333333333333333,5.0,0
exr:Chef_Direct_Stainless_Steel_Deep_Oval_Baking_Dish_Length_34_cm_x_Height_4_1_cm_Bandeja_Oval_Honda_en_Acero_Inoxidable,0.34802940984567005,0.3333333333333333,0.0,0
exr:UPKOCH_N4REP2E07RM14C181364_Ceramics_Milk_Pan_1_Piece_White_,0.3263388176759084,0.3333333333333333,1.5,0
exr:Camping_Cookware_Set_Campfire_Cooking_Utensils_Folding_Cookset_Outdoor_Hiking_Backpacking_Pot_Bowls_Mesh_Carry_Bag_AURH,0.28012481331825256,0.3333333333333333,0.0,0
exr:Voltac_Stainless_Steel_Kitchen_Fried_Egg_Poacher_Pancake_Poach_Ring_with_Handle_4PCs_of_Set_KST424693,0.24832422037919363,0.3333333333333333,5.0,0
exr:SIYANSHU_Egg_Poacher_Food_Grade_Cookware_Double_Cup_Egg_Boiler_Kitchen_Steamed_Egg_Set_Microwave_Ovens_Cooking_Tools_Pack_of_1_Blue_,0.35575150946776074,0.3333333333333333,4.0,0
exr:Dynore_Stainless_Steel_Square_Egg_Ring_with_Handle_Set_of_2,0.28214574853579205,0.3333333333333333,5.0,0
exr:Fusionbrands_PoachPod_Silicone_Egg_Poacher_Yellow,0.24657133718331656,0.3333333333333333,4.5,0
exr:Dynore_Stainless_Steel_Round_Egg_Ring_with_Handle_Medium_5_inch,0.25512273609638214,0.3333333333333333,3.8,0
exr:MADHAV_TRADERS_Fish_Scale_Scraper_Fish_Scale_Saw_Tooth_Scale_Descale_Scraper_Cleaner_Fish_Scales_Brush_Shaver_Remover_Scale_Knife_Pack_of_1,0.22412997980912527,0.3333333333333333,4.5,0
exr:STORE77_2Pieces_Fish_Scale_Remover_304_Stainless_Steel_Fish_Scale_Scraper_Ergonomic_Handle_Design_for_Fast_Scales_Peeling_Multifunctional_fish_scale_planer_kitchen_gadget,0.24699126183986664,0.3333333333333333,5.0,0
exr:Styxon_Fish_Scaler_BrushFish_Scaler_Remover_with_Stainless_Steel_SawtoothErgonomic_Handle_Design_Easily_Remove_Fish_Scales_Cleaning_Brush_Scraper_Kitchen_Tool_Pack_2_,0.22562797864278158,0.3333333333333333,4.4,0
exr:Pure_Source_India_Ceramic_Fondue_Black,0.26996294657389325,0.3333333333333333,4.2,0
exr:Pure_Source_India_Ceramic_Fondue_Burner_White,0.24251902600129446,0.3333333333333333,4.2,0
exr:Nestasia_White_Wood_and_Ceramic_Fondue_Pot_Burner_and_Serving_Plate_Set_for_Snacks_Starters_Cookies_or_Fruits_Set_of_1_Wooden_tray_4_Plates_4_Skewers_1_Stand_1_Tea_light_candle_1_Fondue_pot_with_Burner_,0.396161029736201,0.2222222222222222,4.0,0
exr:Ceramic_Fondue_Pot_Set_Premium_Tea_Light_Melting_Pot_for_Cheese_Chocolate_and_Tapas_Black_Red_Color_with_2_Tealight_Candle,0.2735828260580699,0.3333333333333333,4.0,0
exr:Andrew_James_Heavy_Duty_Commercial_5_Layer_Chocolate_Fountain_Stainless_Steel_Rod_Also_with_Temperature_Regulator_to_Regulate_Chocolate_Melting_Big_1_Year_Warranty,0.20219198366006216,0.3333333333333333,3.0,0
exr:Hawkins_26_cm_Glass_Lid_Toughened_Glass_Lid_with_Stainless_Steel_Rim_Pan_Lid_Transparent_LID26G_,0.30224350094795227,0.3333333333333333,4.3,0
exr:ServEzee_Push_Button_Flip_Lid_Cap_for_Thermosteel_Vacuum_Flask_500_ml_for_Milton_Only_Lid_1_Piece_,0.24234325687090555,0.3333333333333333,4.1,0
exr:Sumeet_Stainless_Steel_Heavy_Gauge_Ciba_Lids_Tope_Cover_Set_of_5_Pcs_Big_Size_17Cm_18_8Cm_20Cm_21_3Cm_22_8Cm_,0.35761858026186627,0.3333333333333333,4.5,0
exr:KANDARPURIA_Long_Lasting_Glass_Lid_Glass_Lid_for_Kadai_28_cm_,0.23735315601030985,0.3333333333333333,4.0,0
exr:longzon_14pcs_Silicone_Stretch_Lids_Include_2_Exclusive_XXL_Size_up_to_12_Reusable_Durable_Food_Storage_Covers_for_Bowls_Fit_Different_Sizes_Shapes_of_Container_Dishwasher_Freezer_Safe,0.32918862005074817,0.3333333333333333,3.5,0
exr:Pigeon_By_Stovekraft_Favourite_Aluminium_Pressure_Cooker_with_Outer_Lid_Induction_and_Gas_Stove_Compatible_5_Litre_Capacity_for_Healthy_Cooking_Silver_,0.2638472417990367,0.2857142857142857,4.0,0
exr:Hawkins_Futura_Nonstick_Dosa_Tava_Diameter_33_cm_Thickness_4_88_mm_Black_NDT33,0.24075044194857279,0.2857142857142857,4.5,0
exr:Pigeon_By_Stovekraft_Special_Stainless_Steel_Pressure_Cooker_with_Outer_Lid_Induction_and_Gas_Stove_Compatible_2_3_5_Litre_Capacity_for_Healthy_Cooking_Silver_,0.2669825851917267,0.2857142857142857,4.0,0
exr:Hawkins_Nonstick_Appe_Pan_with_Glass_Lid_12_Cups_Diameter_22_cm_Black_NAPE22G_Cast_Aluminium_Red,0.3389451007048289,0.3333333333333333,4.5,0
exr:XL_Kitchen_Iron_Concave_Tawa_25_cm_with_Wooden_Handle_Roti_Tawa_Dosa_Tawa,0.31244606773058575,0.2857142857142857,4.5,0
exr:Amazon_Brand_Solimo_Stainless_Steel_Induction_Bottom_Steamer_Modak_Momo_Maker_with_Glass_Lid_2_litres_,0.23324363430341086,0.3333333333333333,4.3,0
exr:Cello_Stainless_Steel_Induction_Base_Idli_Cooker_and_Multi_Kadhai_6_Plates_Silver,0.24222821493943533,0.3333333333333333,4.0,0
exr:Amazon_Brand_Solimo_Stainless_Steel_Idli_Cum_Modak_Maker_with_Glass_lid_Induction_base_20cm_3L_,0.2576639900604884,0.3333333333333333,4.1,0
exr:SYGA_Small_Stainless_Steel_Steamer_Basket_for_Vegetable_Insert_for_Pots_Pans_for_steam_boiling_cooking_5_5_9_,0.28876836597919464,0.3333333333333333,4.2,0
exr:Pigeon_Stainless_Steel_Idly_Maker_6_Plates_Compatible_with_Induction_and_Gas_Stove,0.2206618239482244,0.3333333333333333,3.1,0
exr:Le_Creuset_Cast_Iron_and_Stoneware_Tagine_27_cm_Cerise,0.2908793240785599,0.3333333333333333,4.7,0
exr:Alda_Stainless_Steel_Patila_with_Lid_20cm_Silver,0.311337689558665,0.3333333333333333,5.0,0
exr:Moroccan_Lead_Free_Cooking_Tagine_100_Handmade_Clay_Cookware,0.24549328287442526,0.3333333333333333,4.4,0
exr:Moroccan_Wave_Cooking_Tagine_By_Treasures_of_Morocco,0.24245999256769815,0.3333333333333333,4.2,0
exr:BERGNER_Eros_Cast_Iron_Tajine_Pot_with_Lid_28_cm_800_ml_Induction_Base_Orange,0.2019750028848648,0.3333333333333333,3.8,0
exr:Butterfly_Smart_Glass_Top_2_Burner_Open_Gas_Stove_Black_Manual_Ignition,0.23265585800011954,0.4,4.1,0
exr:Prestige_IRIS_LPG_Gas_Stove_3_Burner_Black_Glass_Manual,0.24422063926855722,0.4,4.1,0
exr:Prestige_IRIS_LPG_Gas_Stove_2_Burner_Black_Powder_coater_Mild_Steel_with_Glass_Top_Manual,0.2842101752758026,0.4,4.0,0
exr:MILTON_Premium_3_Burner_Black_Manual_Ignition_LPG_Glass_Top_Gas_Stove_ISI_Certified_,0.23803683121999106,0.4,4.0,0
exr:SSDN_Cotton_Roti_Cover_Chapati_Cover_Traditional_Roti_Rumals_Assorted_Color_Design_Set_of_3_Square,0.30946170290311176,1.0,3.3,0
exr:HAZEL_Bread_Box_with_Handle_Lid_Bread_Storage_Box_For_Kitchen_Bread_Dispenser_Box_Food_Grade_Storage_Box_For_Kitchen_4100_ML_Red,0.37569265564282733,1.0,4.1,0
exr:Mincerfit_Soft_Cotton_Roti_Clothes_Wrap_Muslin_Cloth_for_chapati_Hot_case_Kitchen_Chapati_Cloth_wrap_roti_Cover_18x18_6_,0.3046797215938568,1.0,4.0,0
exr:Beddify_Set_of_4_Premium_Roti_Chapati_Cover_100_Cotton_Traditional_Roti_Rumals_Tortilla_Covers,0.2940375606218974,1.0,4.0,0
exr:BAKEFY_Kraft_Paper_Gift_Boxes_20_PIECE_size_3x3x2_inch_Kraft_Paper_Box_Cake_Donut_Cookie_Favor_Box_Product_Packing_Box,0.42395058274269104,0.6,3.8,0
exr:Box_World_Premium_Cake_Box_1_Kg_White_Chocolate_Box_Window_Box_Size_10X10X5_Pack_Of_6_Cardboard,0.4004555940628052,0.6,4.4,0
exr:Bakefy_Kraft_Paper_Gift_Boxes_50_piece_size_3x3x2_inch_Cake_Slice_Donut_Chocolate_Favor_Box_Wedding_Baby_Shower_Gift,0.3947307964166005,0.6,4.6,0
exr:Glamifirsto_Brown_Bakery_Boxes_with_Window_Cookie_Boxes_3x3x2_Inches_Small_Cake_Box_Kraft_Paper_Treat_Boxes_for_Cookies_Pastry_Cupcakes_Pie_Donuts_25_brownie_kraft_SMALL_SIZE_BOX_,0.44889651735623676,0.6,4.3,0
exr:Schmancy_Powder_Pink_Blossom_Cupcake_Box_for_1_with_Window_9x9x9_CM_Pack_of_10_,0.4272776444753011,0.6,4.2,0
exr:RELIABLE_Packaging_Cake_Base_Board_Round_8_Pack_of_10,0.3236738344033559,0.2857142857142857,3.0,0
exr:Purple_Pie_Pal_Pie_Cake_Carrier_w_Flat_Handle_Domed_Lid_for_Tall_Pies_Cakes_Portable_Container_Cupcake_Storage_Pie_Transport_Plus_Veggie_Tray_Fruit_Tray_Nut_Tray_Fits_9_In_Cakes_Pies,0.4115888675053914,0.6,4.3,0
exr:FEOOWV_Round_Cupcake_10_Inch_Portable_Pie_Carrier_with_Lid_and_Tray_For_storage_eggs_muffins_cupcakes_Dark_green_,0.43490158518155414,0.6,4.7,0
exr:Nordic_Ware_50022_Bundt_Cake_Keeper_Plastic_13_in_L_X_12_in_W_X_7_in_H_Red_Limited_Edition_,0.46239736676216125,0.6,4.7,0
exr:Sweet_Creations_locking_cake_carrier_with_server_up_to_10_inch_3_layer_cake_light_blue_and_cream,0.3121861169735591,0.6,4.6,0
exr:PLASTIC_HOUSE_Large_Cereal_Containers_Storage_Set_Dispenser_4_Liter_FITS_FULL_STANDARD_SIZE_CEREAL_BOX_Airtight_Cereal_Container_Set_For_Maximum_Freshness_BPA_FREE_Large_Cereal_Storage_Container,0.30394888420899707,0.6,4.7,0
exr:Chumbak_Fancy_Feasty_Cookie_Jar,0.31380680203437805,0.6,5.0,0
exr:Multipurpose_Aluminium_Round_cookie_container_with_Cover_1_kg_Capacity,0.3165491819381714,0.6,4.0,0
exr:Home_Centre_Beautiful_Home_Cookie_Jar_Beige,0.3935542305310567,0.6,4.5,0
exr:Fluffick_Jar_of_love_with_5_love_Message_Scrolls_Valentine_gift_Gift_for_Boyfriend_Girlfriend,0.2530745913585027,0.6,5.0,0
exr:HAPPI_Multipurpose_Unbreakable_Plastic_Transparent_Storage_Containers_For_Kitchen_Airtight_Masala_Box_Dabba_Spice_Cereal_Dry_Fruits_Spice_Box_250_ML_Round_with_Spoons_Set_of_8_Pcs_,0.310288871328036,0.5,4.2,0
exr:Sumeet_Stainless_Steel_Belly_Shape_Masala_Spice_Box_Dabba_Organiser_with_See_Through_Lid_with_7_Containers_and_Small_Spoon_Small_,0.3458719203869502,0.5,4.2,0
exr:VRIND_7_in_1_Spice_Box_Stainless_Steel_Masala_Box_for_Kitchen_Steel_Masala_Dani_for_Kitchen_Masala_Dabba_Steel_See_through_lid_7_containers_and_1_Spoon_1_5_Ltr_Medium_18_5cm_,0.28858481844266254,0.5,3.8,0
exr:Cello_Checkers_Plastic_PET_Canister_Set_18_Pieces_Clear,0.2586355408032735,0.6,4.4,0
exr:Milton_Vitro_Plastic_Pet_Storage_Jar_and_Container_Set_of_24_6_pcs_x_300_ml_Each_6_pcs_x_700_ml_Each_6_pcs_x_1_4_Ltrs_Each_6_pcs_x_2_Ltrs_Each_Red_Wine_Air_Tight_Kitchen_Organiser_BPA_Free,0.3294925391674042,0.6,4.4,0
exr:Treo_By_Milton_Cube_Storage_Glass_Jar_Set_of_6_580_ml_Each_Transparent_BPA_Free_Storage_Jar_Kitchen_Organizer_Modular_Multipurpose_Jar,0.3289765516916911,0.6,4.4,0
exr:Amazon_Brand_Solimo_Plastic_Storage_Containers_With_Metal_Finish_Lids_15_pieces_Silver,0.3058250347773234,0.6,4.1,0
exr:MILTON_Executive_Insulated_Lunch_Box_2_Stainless_Steel_Container_280_ml_Each_1_Microwave_Safe_Container_450_ml_Green,0.3503309239943822,0.6,4.2,0
exr:MILTON_New_Steel_Combi_Lunch_Box_3_Stainless_Steel_Containers_and_1_Plastic_Tumbler_with_Jacket_Set_of_4_Blue_Food_Grade_Light_Weight_Dishwasher_Safe_Easy_to_Carry_Leak_Proof,0.4005713959534963,0.6,4.1,0
exr:SignoraWare_Slim_High_Microwave_Safe_Office_Two_Compartment_Lunch_Box_Set_Borosilicate_Glass_Safety_Lock_Airtight_Tiffin_Containers_600ml_Transparent_,0.4515909453233083,0.6,4.3,0
exr:MILTON_Delicious_Combo_Stainless_Steel_Insulated_Tiffin_1_Tumbler_and_3_Container_Set_of_4_Grey,0.3598170081774394,0.6,4.2,0
exr:SignoraWare_Kitchen_Tools_SS_Food_Grade_Heavy_Gauge_1_8_MM_Plus_Dosa_Turner_Andhra_Palta_Plain_Turner_Spatula_Cooking_Turner_No_2_Specially_for_Dosa_Chilla_Omlette_Paranthas_Size_31_cm_,0.3399590452512105,0.3333333333333333,5.0,0
exr:Kuber_Industries_Stainless_Steel_Turners_Slotted_Turner_Cooking_Turner_for_Dosa_Roti_Omlette_Parathas_Pavbhaji_Silver_,0.3407854437828064,0.3333333333333333,4.5,0
exr:Heart_Home_Stainless_Steel_Turners_Spatulas_Cooking_Turner_for_Dosa_Roti_Omlette_ParatHas_PavBHaji_Silver_Model_Number_HS_37_HEARTH020562_,0.31238927443822223,0.3333333333333333,4.7,0
exr:SignoraWare_Kitchen_Tools_SS_Food_Grade_Heavy_Gauge_1_8_MM_Plus_Dosa_Turner_Andhra_Palta_Plain_Turner_Spatula_Cooking_Turner_No_1_Specially_for_Dosa_Chilla_Omlette_Paranthas_Size_28_cm_Set_2,0.33917051553726196,0.3333333333333333,5.0,0
exr:Ritu_Plastic_Vegetable_Slicer_Assorted_Colour_,0.2315004219611486,0.2857142857142857,4.1,0
exr:JustLatest_Dry_Fruit_Cutter_Slicer_Gadgets_3_in_1_Mix_Colour_Kitchen_Tools_Kitchen_Gadgets_Dryfruit_Choppers_for_Kitchen_Stainless_Steel_Blade_Green_Blue_Red,0.2959762414296468,0.2857142857142857,4.0,0
exr:Ariete_438_Vintage_chopper_ice_crusher_2_speeds_4_stainless_steel_blades_600_ml_400_W_light_blue,0.2551819483439128,0.3333333333333333,4.6,0
exr:Dynore_Stainless_Steel_Tall_Peg_Measure_of_30_60_ml,0.1787127802769343,0.6,4.4,0
exr:RICHTER_Marble_Coasters,0.17336655656496683,0.6,5.0,0
exr:HASTHIP_Ampule_Cutter_with_5_Replaceable_Grinding_Wheels_Ampoule_Cutter_for_Doctors_Glass_Bottle_Cutter_Ampule_Breaker_Suitable_for_Home_Daily_or_Medical_Use_Cut_The_Ampoule_Blue_,0.22301394740740457,0.6,4.3,1
exr:EDGEMETER_2_Meter_Aluminium_FOIL_Sticker_Used_in_All_Kitchen_Purposes_to_Prevent_Oily_and_Greasy_Stains_of_Food_While_Cooking_,0.31614143153031665,0.6,5.0,0
exr:HASTHIP_Ampule_Cutter_with_5_Replaceable_Grinding_Wheels_Ampoule_Cutter_for_Doctors_Glass_Bottle_Cutter_Ampule_Breaker_Suitable_for_Home_Daily_or_Medical_Use_Cut_The_Ampoule_Pink_,0.22169906397660574,0.6,4.3,1
exr:CentIoT_5_x_20MM_15A_Fast_quick_Blow_Glass_Tube_Fuses_250V_2_PCS_Quick_15A_,0.19709896047910055,0.6,3.6,0
exr:7pcs_0_2A_Fuse_5x20mm_Glass_200mA_Tube_Fast_Blow_250V,0.18661822378635406,0.6,0.0,0
exr:Protectron_Electro_Fast_Blow_Glass_Cartridge_Fuses_6x32mm_60pc_Assorted_8A_10A_15A_,0.20800803105036417,0.6,4.2,0
exr:Annapurna_Moisture_Proof_Grain_Dispenser_With_Tight_Lid_For_5_Grid_Plastic_Food_Storage_Container_Tank_Made_in_India,0.17534304161866507,0.6,4.2,0
